architecture,MSE,MSPE,R
3,2.08454585461551,0.411209915688609,0.986043167120701
4,0.66274258173483,0.0358365316453988,0.997025508954228
5,1.15195369565435,0.147575453938749,0.993005009704969
6,5.15093736862406,0.381492187395357,0.977210623531523
7,1.50090160791013,0.0798722768978553,0.990837003479277
8,1.73081000773659,0.124943067034736,0.988437244073833
9,6.51688646505111,2.77643341122753,0.95840970902435
10,1.55252080977161,0.194645066180508,0.994449385338342
