architecture,MSE,MSPE,R
3,6.00801209061937,0.539385652617003,0.970083822682958
4,1.1147667317144,398.680382668087,0.992669484714681
5,3.30352154726373,3.68640937781241,0.987618879712016
6,2.44203836594308,0.14028369378593,0.985799185875835
7,2.04006523764246,0.862951480380439,0.985956442504159
8,6.80862623747316,2.00092891402887,0.9549259405077
9,1.91157730221898,0.318125969326895,0.987447180275319
10,2.7233460963831,5.02753877222246,0.983791156566987
