architecture,MSE,MSPE,R
3,1.53306768160903,0.190643168009821,0.989898796244183
4,1.81620328438069,0.150524195287448,0.987753165113371
5,5.43803116427868,0.0988624231589153,0.956525380005186
6,1.80488227725622,0.310935348747866,0.987410414276971
7,0.817257166890849,0.218504210401481,0.994902774975625
8,3.04161657530459,0.194946390846675,0.984748302079648
9,0.943352793783526,0.0465749037623614,0.993556796229903
10,0.775990970569233,0.168626156156955,0.994838882084339
