architecture,MSE,MSPE,R
3,1.04482379504689,0.577500446549762,0.994178248497187
4,0.97580231820424,0.91275795218712,0.993673021419427
5,0.752122265881177,3.19026176413485,0.995881710551714
6,5.69749326066677,1.36558097142636,0.968428512339925
7,1.85949694941083,1117.6919971316,0.987603360471154
8,1.60456539882379,0.560948554236147,0.991423826038768
9,1.33875169318946,0.20935491597253,0.990981819604295
10,0.892462803069656,0.113635537755553,0.99431693208334
